,player,status
0,RiverChillz7,success
1,RiverGame650328,success
2,RiverKibbles241,success
3,RiverPlayer7647,success
4,RiverSphinx3781,success
5,RiverTomcat5056,success
6,RiverWilder33,success
7,RiverWings16016,success
8,Riverdragon02,success
9,RivetingPants66,success
10,Rivn Katze37,success
11,Rixantur,success
12,Rizhix,success
13,Rizlarroller,success
14,Rizn Nz,success
15,Rizzo2401,success
16,Rkilla11,success
17,Rlacm3,success
18,RlovingD1909,success
19,RmanOv4,success
20,Rmeers7,success
21,RnG x Cobrador,success
22,Ro Smith 10,success
23,RoG WeirdDude,success
24,RoGNiTrOoXFr,success
25,RoNnIe8185,success
26,RoYal x OpTiCz,success
27,RoaDd0g88,success
28,RoachFolkz,success
29,Roachy1996,success
30,RoadKill4u2eat,success
31,RoadRonny,success
32,Roadblock535,success
33,Roadglide88,success
34,Roadster647,success
35,Roadtoad30,success
36,Roapey,success
37,Roast Beast 19,success
38,RobChapo1807,success
39,RobMo0re,success
40,RobW 118,success
41,Robashiku,success
42,Robbe1112,success
43,Robbie24boom,success
44,RobbieWestside,success
45,Robbo2034,success
46,RobboJagerbomb,success
47,Robby Zika,success
48,RobbyGEE69,success
49,RobbyWierdick,success
50,Robdog10022,success
51,Robe435,success
52,Robert hraje63,success
53,RobertABooey13,success
54,RobertCst81,success
55,RobertoI Mexico,success
56,Robete,success
57,Robh9393,success
58,Robi Tribal,success
59,RobinAngelo,success
60,RobinThaH00d203,success
61,Robm212,success
62,RoboBooper,success
63,RoboLeaderOom9,success
64,RoboTanachai,success
65,Roboit0,success
66,RobotPandaKing,success
67,RobotSamurai193,success
68,RobotWorgen13,success
69,Robrenski,success
70,Robrice87,success
71,Robson2013,success
72,RobsoncTTI,success
73,Robstarrunner,success
74,RobustBison117,success
75,RobustJupiter99,success
76,RocBoyzSteel1,success
77,RocKoKaneFlow,success
78,RocNY,success
79,Roccrawl99,success
80,RochenEmu720570,success
81,RockAverage3246,success
82,RockCafe1230700,success
83,RockCape8273228,success
84,RockDroid,success
85,RockFeather7608,success
86,RockFir65848933,success
87,RockHoney375086,success
88,RockJON JONZz,success
89,RockMarlin13123,success
90,RockNRollAres,success
91,RockPenny34,success
92,RockSAiYAN PL,success
93,RockSquirrel758,success
94,RockTron876,success
95,RockenRockstar,success
96,Rocket Bros1415,success
97,Rocket Cat 94,success
98,Rocket Fisheye,success
99,RocketBuster16,success
100,RocketGruntNick,success
101,RocketQueen71,success
102,RocketSubj89P13,success
103,Rocketeer0405,success
104,Rockets FLAME,success
105,RockieLockie,success
106,RockiestLion187,success
107,RockiestPine636,success
108,RockiestYew9418,success
109,Rockinzman,success
110,Rockstache,success
111,Rockwit7,success
112,Rocky TT,success
113,RockyMcHandles,success
114,RockyViana09,success
115,RodOgdaily,success
116,RoddyJoe,success
117,RodeoBoyyy,success
118,Rodney117,success
119,RodofGod1,success
120,Rodrig0fpolis,success
121,Rodrigo1216,success
122,Rodrigo4422,success
123,RodrigoEspinato,success
124,RodrigoPS32,success
125,RodrigoSCosta81,success
126,RodrigoThay,success
127,Rodrigoft2001,success
128,Rodrigues098,success
129,Rodriigues M,success
130,Rodro59,success
131,Roduclerc,success
132,RogerMoney,success
133,RogerTGT,success
134,Rogerbiorevil,success
135,Rogerdeath520,success
136,Rogerio Dias BR,success
137,Rogerio Guebert,success
138,Rogerio5791,success
139,Rogers91b,success
140,Rogha an da dhi,success
141,Rogu3Fx,success
142,Rogue Fighter,success
143,Rogue SOG,success
144,Rogue895325,success
145,RogueAcrobat138,success
146,RogueArmy14,success
147,RogueBacon818,success
148,RogueCarrot69,success
149,RogueChair44162,success
150,RogueDragon5746,success
151,RogueDragon7421,success
152,RogueFrockett,success
153,RogueGoblin19,success
154,RogueKane324,success
155,RogueKoala49885,success
156,RogueMinion612,success
157,RogueODoyle,success
158,RogueOptic187,success
159,RoguePrime7,success
160,RogueTitan08,success
161,RohrFracht25051,success
162,Roi De Rome,success
163,Rojozonda,success
164,RokkEboll,success
165,Rokushan,success
166,Rold0,success
167,RoleyColey69,success
168,Rolfmakesmemes,success
169,RoliPlote,success
170,Roll a doobz420,success
171,RollinGUNZ,success
172,RollinStoned31,success
173,RollinSuicide,success
174,RollingMo,success
175,Rollling Stoner,success
176,RollnThunder213,success
177,RoloCop,success
178,Roman 5lovakia,success
179,RomanBurrito517,success
180,RomanEagle777,success
181,RomanInk4430,success
182,RomanSoldier317,success
183,RomanticBrick77,success
184,Rompe Madrex,success
185,Ron Paul 2k20,success
186,RonBigDBurgundy,success
187,Ronaldo99270,success
188,RonaldvzlaKT,success
189,RoniZu,success
190,Ronin Viper,success
191,RoninsGhost108,success
192,RonjaTheBozz,success
193,Ronkan SWE,success
194,RonniFIG,success
195,Ronnie2242,success
196,RonnieRaisex638,success
197,RonnieRockets96,success
198,Ronolith,success
199,Ronredlite,success
200,RonyAgentspp,success
201,Ronzilla AK G19,success
202,Roodney QTZ,success
203,Roofbum,success
204,Rookee0fTheYear,success
205,Rookie77264,success
206,RookieMain,success
207,RookieRyder,success
208,Rooklover21,success
209,RookyOrc4523836,success
210,RoomierGorgon79,success
211,RoomiestSnow793,success
212,RoomyEel9972304,success
213,RoomySoup1,success
214,Roon Scapez,success
215,Rooobarb,success
216,RooseveltFrank0,success
217,Rooster4598,success
218,Roosterboy50,success
219,RopeGuy4326,success
220,Rory2808,success
221,RoryBigD97,success
222,RosaParks426911,success
223,Rosal3sh30,success
224,RoseKinGzZ,success
225,RoseScorpion368,success
226,RoseSmile686212,success
227,RoseUhr85947859,success
228,Rosendo02,success
229,RosiestSeven155,success
230,RossMano,success
231,Rostad13,success
232,RosySinger420,success
233,RotorGod420,success
234,Rotta81,success
235,Roucarnage5976,success
236,Rouge Pantherr,success
237,RougeSmurf666,success
238,Rougekid442,success
239,RoughTax,success
240,RoughTops,success
241,Roukiki I BEN,success
242,RousingSafe016,success
243,Rovanian,success
244,Rowdy Ceazer,success
245,RowdyCJ 03,success
246,RowdyCamperRick,success
247,RowdyPandora924,success
248,RowdyRedskin86,success
249,Rowdywiththedub,success
250,Rowie647,success
251,RoxasDreamer13,success
252,RoyEzzel419,success
253,RoyK34,success
254,Royal Guido,success
255,RoyalAmpersand4,success
256,RoyalGalaxy72,success
257,RoyalKingsir,success
258,RoyalPotatoGod5,success
259,RoyalStrokes69,success
260,RoyalYankee,success
261,Rozcowork,success
262,Rozzli,success
263,Rrsurgemaster2,success
264,RsG x Popeye,success
265,RtC21,success
266,Rtzhh,success
267,Ru5tyMiller,success
268,Ru5tyR3lic777,success
269,RuBeerology,success
270,RuDizzyNoob,success
271,RuGieBeamon510,success
272,Ruan Saunders,success
273,Ruan37,success
274,Ruanfsoares,success
275,Rubber band 699,success
276,Rubendmf999,success
277,Rubietaa1989,success
278,RubinxXVitoXx,success
279,RubricalMold789,success
280,Rubrt,success
281,RubyAssassin266,success
282,RubyCastle83033,success
283,RubyFox7188788,success
284,RubyGibbon17873,success
285,RubyRedDad,success
286,Rucho07,success
287,RuckinHell09,success
288,Rud3Canad1an,success
289,RudeCobra0455,success
290,RudeCrudeInc,success
291,Ruff5ight,success
292,RufousWolf,success
293,RugbyGod20,success
294,RuggedSplash202,success
295,Ruggedbutgentle,success
296,Rugod1831,success
297,Ruizes5,success
298,Ruller144x,success
299,RulyDoughnut108,success
300,RulyToast3,success
301,RumNittySniper,success
302,Ruma257,success
303,Rumblesputts,success
304,RumblyFiend,success
305,RumblySine69138,success
306,Rumparty,success
307,RumplyDaisy51,success
308,RumtheRinger,success
309,RunDemDoughnutz,success
310,RunThruYoHome,success
311,Runcabus,success
312,Rundislav,success
313,Runeshape,success
314,Runnning Savage,success
315,RunnningMann,success
316,RunnyGnu1,success
317,RunswithLISPs,success
318,Ruppy3,success
319,Rurka54,success
320,Ruru247,success
321,RuruhSandoxa,success
322,Rush On In,success
323,Rush Planted,success
324,RushXdumber,success
325,RushingQueen,success
326,Ruski Oleg,success
327,Ruski13,success
328,RuskiJukebox,success
329,Russ thy bus,success
330,Russ3564,success
331,Russell1144,success
332,Russell330,success
333,Russell680,success
334,Russia DBM,success
335,RussianBornSpy,success
336,RussianSniper55,success
337,RussianSumo,success
338,Russianhamster3,success
339,Russianyeti58,success
340,RustElf1944235,success
341,Rustenkoff,success
342,RusticCow138086,success
343,RustiiRonaldo,success
344,Rustin68,success
345,Rustinjustin,success
346,Rustld My Jimmi,success
347,Rusty Slave,success
348,RustyBucket210,success
349,RustyChemist,success
350,RustyGamerCD94,success
351,RustyGoat464841,success
352,RustyLadder,success
353,RustyMarcel91,success
354,RustyMars66,success
355,RustyPlymouth13,success
356,RustySkullism,success
357,Rustybarbwire27,success
358,RuthenicChart16,success
359,RuthenicRook699,success
360,Ruthless iion,success
361,Ruthless937,success
362,RuthlessBird6,success
363,RuthlessOutlawX,success
364,Rutinger,success
365,Ruyt Size,success
366,RvPWoLF,success
367,Rvelation,success
368,Rvierndreissig,success
369,Rww1010,success
370,Rx Berzerk,success
371,RxHowardx8,success
372,Rxany,success
373,RxspxctMySpxwnn,success
374,Ry4nar4ujo3344,success
375,RyMaG35,success
376,Rya86,success
377,Ryan Allen Hall,success
378,Ryan2514,success
379,Ryan86sc,success
380,RyanGameplays7,success
381,RyanHunter12300,success
382,RyanLeGameurFR,success
383,RyanMikelMc,success
384,RyanNoBrain68,success
385,Rybackfeedme13,success
386,RybiodynucleicD,success
387,Ryboditaly,success
388,RyderTheHangMan,success
389,RydogSnydog,success
390,Rykoncentral,success
391,Rymo3502,success
392,RyneMoore5782,success
393,RynoDyno17,success
394,Ryohei105,success
395,Ryokilos,success
396,Ryse Reeper,success
397,RyseAboveGods,success
398,RyuBayushi,success
399,RyuKurogane248,success
400,Ryurai,success
401,Ryxn c55,success
402,RyyMooca,success
403,RyzeRy62,success
404,Ryziul HD,success
405,Rz Hunky,success
406,RzRFadedSoldier,success
407,Rzilly,success
408,Rzxvq,success
409,S H A R K Z 3D,success
410,S I T H L 0 R D,success
411,S IK i LL e IX,success
412,S i ll e n n t,success
413,S li N li,success
414,S spangled357,success
415,S051 Kurt G,success
416,S05SMITTY,success
417,S0D3R0L53,success
418,S0DI4K,success
419,S0L0 M0NKEY,success
420,S0L0 Venom,success
421,S0LAR CRAY0N,success
422,S0LID SNAKE 74,success
423,S0LT1N,success
424,S0RRY W3 L0ST,success
425,S0ULREAPER x21,success
426,S0ccerRul3r,success
427,S0meb0dy else,success
428,S0n1C Spr1nkl3S,success
429,S0nofmortarion,success
430,S0uTHeRN Chick7,success
431,S0ulB3nd3r,success
432,S1 Scrim,success
433,S1L3ntWarr1or86,success
434,S1LENT RON1N,success
435,S1LNC3x1xKILLxU,success
436,S1NN3RXLOC,success
437,S1OPPYJOE69,success
438,S1R F1G NEWTON,success
439,S1R W4Lk3,success
440,S1ay ELITE,success
441,S1eekCardShark9,success
442,S1r JaZzYHaNdSY,success
443,S1rks,success
444,S21Zach,success
445,S2NxCHEF,success
446,S3AGL35,success
447,S3RIOUS YeS,success
448,S3XY Irishman,success
449,S3Xy InYourFace,success
450,S3r3n1ty17,success
451,S3rial Kill3rs,success
452,S3ttSl4ck3r 87,success
453,S3ven1one,success
454,S3xyLucas,success
455,S4 Pandahs,success
456,S4 Soda,success
457,S4A Supreme,success
458,S4NK NotSure,success
459,S4NT14G0SS,success
460,S4TAN1C0,success
461,S4cReD ASsASsIn,success
462,S4rg3ntR4MB0V,success
463,S7RA7OSPHERE,success
464,S7ZS,success
465,SABERTOOTHONE,success
466,SAGAT ONG BAK,success
467,SAHNE JPG,success
468,SALTYBASTURD,success
469,SALTwhyUSalty3,success
470,SAM1RIT3L3CUL,success
471,SAMOAN THOR0819,success
472,SAMSTONE628,success
473,SAMUKAPIRCKBA,success
474,SANCHEZ1536,success
475,SAND3RZWK,success
476,SANDMONKEY688,success
477,SAOjORGe123,success
478,SAPPERCHOP,success
479,SARGE994,success
480,SAS Andrew,success
481,SAS legendery,success
482,SAS335,success
483,SASC MikeGaming,success
484,SASCommandoFT,success
485,SASSAKII,success
486,SASSY576,success
487,SASWh0Dare5wins,success
488,SAUCE SMACK7,success
489,SAUCEwTHAT,success
490,SAUCYVANDAL420,success
491,SAULBENGAL,success
492,SAVAGEApples12,success
493,SAVAGEBRO22,success
494,SAVISAURUS,success
495,SAddictVigg,success
496,SB Henny,success
497,SB xFluxxYT,success
498,SBN Pegasus,success
499,SBSTTY,success
500,SBeezs,success
501,SBoegs29,success
502,SBulldawg152,success
503,SC HeadRush,success
504,SC Soarin,success
505,SC0RPI0NSTING89,success
506,SC0TTYxC4RR,success
507,SCAACRLIVES,success
508,SCALPER1437,success
509,SCAR Liberty,success
510,SCAR737,success
511,SCDO SEON,success
512,SCE45,success
513,SCH x Malthael,success
514,SCHM0REY,success
515,SCHNEIDERRJ,success
516,SCHOOLBOY41,success
517,SCHRECK205,success
518,SCHUMETTAL,success
519,SCORPIO RUAN,success
520,SCR BRODY,success
521,SCREWDRIVER462,success
522,SCRILLA100,success
523,SCUBA227,success
524,SCUMBOX7,success
525,SCamMASTerflEXX,success
526,SCampanati,success
527,SChimera,success
528,SDGllTheFranll,success
529,SDLG KUKO,success
530,SDS Matheus,success
531,SDstallion,success
532,SEABASSxx,success
533,SEAHAWK4LIFE,success
534,SEALTeamRix1625,success
535,SEALscout420,success
536,SEANCONNERY066,success
537,SEANTHEMAN2000,success
538,SECRETAGENT4589,success
539,SEDUCTIVE TABLE,success
540,SEEWHATJESUSDID,success
541,SEI Rarity,success
542,SENI0R F1RE,success
543,SENOR MATADOR69,success
544,SENZUMOKUJIN,success
545,SERGEANT SHAMOO,success
546,SERGIO VELASCO8,success
547,SERKONEE,success
548,SERv3dkastro,success
549,SETH BLADE187,success
550,SEU NOOB 3256,success
551,SEVEN62308,success
552,SEVENGRANDDADD,success
553,SEVENSUPERBOWLS,success
554,SEVEREPAINN,success
555,SEXYBEAST691909,success
556,SF Commanderr,success
557,SFB NATE,success
558,SFBNAT3,success
559,SFE Draken,success
560,SFLangler0517,success
561,SFM Penny,success
562,SG Magz,success
563,SG112004,success
564,SG272,success
565,SG310384,success
566,SGG Visionz,success
567,SGM Silent,success
568,SGNRCastelan,success
569,SGT DEAFENER,success
570,SGT DUKIE TFC,success
571,SGT Lyden,success
572,SGT MajorMuffly,success
573,SGT Night246,success
574,SGT Sweater,success
575,SGT Wojtek 338,success
576,SGT YOULFAX 64,success
577,SGT singularity,success
578,SGT420,success
579,SGT5tubby,success
580,SGT72CRUZ,success
581,SGTC0LBY,success
582,SGTCHOCO18,success
583,SGTbaconfinger,success
584,SGTdavecrocket,success
585,SGTxMAJORKAK,success
586,SGTxxKirk69xx,success
587,SGray15,success
588,SH0TD0WNPIXIE,success
589,SH4MUS75,success
590,SH4RPM4RKSM4N,success
591,SHADOW BOY503,success
592,SHADOW K1TTENZ,success
593,SHADOW187BNQ,success
594,SHADOW1KING1,success
595,SHADOWGODzXx,success
596,SHADOWGST79,success
597,SHADOWST0RM3R,success
598,SHADOWTITAN735,success
599,SHAKEN907,success
600,SHARLAKdaROCKET,success
601,SHAUNOTHEDEAD33,success
602,SHAWBOYAH,success
603,SHAWDOG88,success
604,SHAYSUAVE,success
605,SHD Abyss,success
606,SHD Agent Rogue,success
607,SHD Agent Snipe,success
608,SHD Arturo,success
609,SHD Kodiak,success
610,SHD Warlord,success
611,SHD xHAMMERx,success
612,SHDW Nightmare,success
613,SHEARMANJOSHUA,success
614,SHEEPDOGUSA8,success
615,SHIFTINGNACHOS,success
616,SHLURP A BRODIE,success
617,SHMOPparty420,success
618,SHOCK WAV3 Y411,success
619,SHOExMAKERxPRO,success
620,SHORAD,success
621,SHORTFUSE87,success
622,SHOTS REPLAYS,success
623,SHR3OBi,success
624,SHRIMPSCAMPI 12,success
625,SHUHBOW,success
626,SHWAGG MASTA,success
627,SHayes916,success
628,SHiFT x Monster,success
629,SHiFT x Skilz,success
630,SICKBOY1815,success
631,SICKxSPOONY,success
632,SIDPUTNIC,success
633,SIFUWiKiiWii,success
634,SIGMV ITEX,success
635,SIGMV XD,success
636,SIIN7,success
637,SILENT McSPANKS,success
638,SILENTx1x,success
639,SILVER RAM,success
640,SILVERADO DEBO,success
641,SINFLU N CHILL,success
642,SINIST3R 2020,success
643,SIR LUKAS LRZ,success
644,SIR MavsHyung99,success
645,SIR ZZTOP,success
646,SIR genTL3Man,success
647,SIRDanglingD,success
648,SIRGUPSTER JR,success
649,SIWYY1995PL,success
650,SIXXSIXX6,success
651,SIatty,success
652,SIothYT,success
653,SJIeCaPb,success
654,SJOPJO,success
655,SJP93,success
656,SJW Joffy,success
657,SK IR YP t o IR,success
658,SK Norms,success
659,SKANKIN IT MAD,success
660,SKAT3 I 6o2,success
661,SKATER420260,success
662,SKELETTEN977,success
663,SKEME187SC,success
664,SKID1973,success
665,SKIES OF DARK,success
666,SKIES l Snazzyy,success
667,SKINFO NL,success
668,SKITTLESGIIRL26,success
669,SKLGOKU,success
670,SKO 307,success
671,SKOOT2006,success
672,SKRILMAU55,success
673,SKRUBLORD1000,success
674,SKRZ4T PL,success
675,SKU11KRUSHER972,success
676,SKULL BOY 247,success
677,SKULLCRU5HER373,success
678,SKULLZONE,success
679,SKUNKBUTTSTRZOK,success
680,SKYLlNE34,success
681,SKYWALKER117435,success
682,SKYY Limit,success
683,SKYZILLA666,success
684,SKerovanej,success
685,SKillsGamer159,success
686,SKoDaJitt22,success
687,SL M i o j o,success
688,SL33KAW4R3N3SS,success
689,SLAM DeStroyer,success
690,SLAM G4SIFIED,success
691,SLAPSLIZE2,success
692,SLATER sr45,success
693,SLAUGHT3RHOUSES,success
694,SLAUGHT3RMELON1,success
695,SLAVACUS NEBULA,success
696,SLAY Brody,success
697,SLAY3RS3ND3R,success
698,SLAY3RxG1RL,success
699,SLAYLORD352,success
700,SLBradley,success
701,SLC Chills,success
702,SLEEPINGTIN,success
703,SLG Suno,success
704,SLICEof1371LIFE,success
705,SLICK DELTA 15,success
706,SLICKRICK 5022,success
707,SLICKxSLOTH,success
708,SLIMJIM6996,success
709,SLIPPERSOAP777,success
710,SLM Ghost,success
711,SLOPPYBOYZ,success
712,SLVER KH3lED,success
713,SLaP y0 BeA aZs,success
714,SM0KEY R0BINSON,success
715,SM1TTY3,success
716,SMASHCOW96,success
717,SMASHdDINGO,success
718,SMBYMF,success
719,SMC DA MAC,success
720,SMCZ3,success
721,SMDragonFlame65,success
722,SMDxOsiris,success
723,SMEGTROOPER70,success
724,SMG Skyline X,success
725,SMILEY15210,success
726,SMO JOE,success
727,SMOKE JH21,success
728,SMOKEDCHEESE97,success
729,SMOOTHBREAD69,success
730,SMS Selfish,success
731,SMSxFox,success
732,SMoura27,success
733,SN0RKELTheShark,success
734,SN1CKERS117,success
735,SNACK PACK LA11,success
736,SNAPIER87,success
737,SNIPER ELITIE 4,success
738,SNIPERCAVOLI,success
739,SNIPERMEX117,success
740,SNIPERSMATERIAL,success
741,SNKI ONE,success
742,SNOMAN6523,success
743,SNOWDEN2002,success
744,SNOWROCKS232,success
745,SNPX Reborn2,success
746,SNTM EMOENFROCE,success
747,SNYPE MACIEL,success
748,SNZ Feeder,success
749,SO1 RAMBO6,success
750,SOAP201541,success
751,SOAP4477,success
752,SOCCERFREAK2020,success
753,SOCOM ADDICT,success
754,SOI Fatality,success
755,SOILDWARFARE420,success
756,SOLDADO GORDAO,success
757,SOLDIERGUY3000,success
758,SOLExITSxBUBZ,success
759,SOLLIE37,success
760,SOLO SKULL3200,success
761,SOLOS CY,success
762,SOLOSKYWALKER93,success
763,SOLP757,success
764,SOM Exile,success
765,SOME Jstrix,success
766,SOMEON3 AW3SOME,success
767,SONICFOZ,success
768,SONICTWIG3456,success
769,SONSMOKESALOT,success
770,SOULHUNTER3569,success
771,SOULLESS65,success
772,SOULTAKER811,success
773,SOUTHERN CAL 5,success
774,SOUTHPAW898,success
775,SOUVLAKIAS14,success
776,SP33DxD3VILx666,success
777,SP4RT4NE117,success
778,SP4RT4Nxx4LEX,success
779,SPADEDwithACES,success
780,SPAIN RAMBO,success
781,SPANISH1972,success
782,SPARKLE PARTY10,success
783,SPARKLYFLIPPER,success
784,SPARTAN 6HOST,success
785,SPARTANBLACK152,success
786,SPARTANKING5821,success
787,SPARTANSEIGE,success
788,SPARTANxM0USE,success
789,SPASTIColon,success
790,SPAWN Fam,success
791,SPAWN151FIEND,success
792,SPAWNofMEGATRON,success
793,SPB 24th Viper,success
794,SPB SiiLentz,success
795,SPB piter rus,success
796,SPB topor,success
797,SPECTRO1976,success
798,SPEDDY2305,success
799,SPEEDO COWBOY,success
800,SPEEDY CAT 76,success
801,SPEEDYPOOTASH,success
802,SPICYR1C3,success
803,SPIDER KING 516,success
804,SPIDERman2245,success
805,SPNixon,success
806,SPOOPY ACTUAL,success
807,SPQR TOMMYWAZOW,success
808,SPRATTICUS whs,success
809,SPRINKLES1246,success
810,SPS Ryz,success
811,SPaRTaN LaW II,success
812,SQUAD K1NG,success
813,SQUANDROsGHOST,success
814,SQUAWKING 7777,success
815,SQUIDY67676,success
816,SQUIRE7829,success
817,SR BIBI81,success
818,SR21Vijhay40,success
819,SRC DeadWolf,success
820,SRCookieMonstro,success
821,SRGT FATBLOB,success
822,SRGTxBOB,success
823,SRHmonkey,success
824,SRJRED,success
825,SRPKZAO,success
826,SRS boeuf123,success
827,SRT8TWINTURBO3,success
828,SRennie01,success
829,SRwesley09,success
830,SS DMER,success
831,SS xXx Speedy,success
832,SSB g0ku 4,success
833,SSG Allertse,success
834,SSGR BREDTA,success
835,SSGTBBWOLF,success
836,SSGWoodruffSBT,success
837,SSJ Phantom IV,success
838,SSJ Rage,success
839,SSJLennis,success
840,SSJprince0420,success
841,SSMVAN,success
842,SSMidnight67,success
843,SSNx,success
844,SSwagner69,success
845,ST Camper,success
846,ST HATCHY,success
847,ST0NEDSMURFF,success
848,ST1N,success
849,ST1R71,success
850,ST3V1391,success
851,ST7 Mantequilla,success
852,STAFF SERGEANT2,success
853,STAL3,success
854,STANKYSNIPEZ,success
855,STAPIA1,success
856,STARBUCKSCB,success
857,STARKID772,success
858,STARLORD2131,success
859,STARS5409,success
860,STATIC STORM 10,success
861,STEALSKY,success
862,STEAMINGOAT,success
863,STEPHANO747,success
864,STEVENTHEKING23,success
865,STEVEY THE GUN,success
866,STF744Y,success
867,STG Resnov,success
868,STGDEATHSTAR,success
869,STIBROCZECH75,success
870,STING INVASION,success
871,STJLH,success
872,STK Runout,success
873,STK x PROWOLF,success
874,STKEDA,success
875,STODAG84,success
876,STOFFERR,success
877,STOICSENTINE1,success
878,STOL3N XXVIII,success
879,STONEHENGE 121,success
880,STONEMSTR,success
881,STONEYBALLZ86,success
882,STONEZzZzZzZzZ,success
883,STOPBIGPOPPA,success
884,STOPLICKINMEFAM,success
885,STORM SHADOW225,success
886,STORMRAGGE,success
887,STR Godd,success
888,STR2204,success
889,STR33T S3NS3,success
890,STR33TK1NG26,success
891,STR8CANNON,success
892,STR8T Savage,success
893,STR8xDiALeD,success
894,STRA1GHTRAZ0R69,success
895,STRAIGHT FADE,success
896,STRANE OVER YOU,success
897,STRBramley,success
898,STRIK3 RAG3,success
899,STRIKER GANG,success
900,STROKER331,success
901,STRV Sumo,success
902,STU STU STUT,success
903,STUD901,success
904,STUFFmiddle,success
905,STUPID TURTLE,success
906,STW G0AT,success
907,STaLiNGRaD V1,success
908,STaRxMrWaffle,success
909,STi SAMBROAK,success
910,STxSoup,success
911,SUBARU JDM2,success
912,SUBTOPEWDIEPIEt,success
913,SUGARBEAR239,success
914,SUITING FIRES,success
915,SULTAN ALIRAQI,success
916,SUM Levithan15,success
917,SUMIK94PL,success
918,SUP S1gHtZ,success
919,SUPADUDEJJ,success
920,SUPER DB 21,success
921,SUPER SOLDIER70,success
922,SUPERDROG DAVID,success
923,SUPEROCKO555,success
924,SUPERSOLDIER98,success
925,SUPERWETMCNASTY,success
926,SUPERxCHOQUE,success
927,SUPPRESOR,success
928,SUPR3M3 BOlll,success
929,SUPRA Oopiie,success
930,SUPREME WOLF 66,success
931,SUPREME12124391,success
932,SUPREME133,success
933,SUPREMEMANE3456,success
934,SUPREMEfatherYT,success
935,SUPerPONAG3bear,success
936,SURA BR,success
937,SURGE088,success
938,SURGESpaceyWind,success
939,SUSHEE 225,success
940,SUSJE PG,success
941,SUUA1,success
942,SUUICIDECHRRIST,success
943,SUZ x SPARKEY,success
944,SV SCORPION,success
945,SV0L0CHI,success
946,SVT hyped,success
947,SW ACE HUNTER,success
948,SW SMURFYBN,success
949,SW0LF1,success
950,SW33T PWNTATO3Z,success
951,SWAGBACONZ,success
952,SWAGER3219,success
953,SWAGERGUY420,success
954,SWAT724,success
955,SWATKING424,success
956,SWATMAN93,success
957,SWEATYGUNARIA69,success
958,SWEPTTITAN207,success
959,SWIFFKILLA,success
960,SWOLLZ,success
961,SXCMARZA,success
962,SYG chick3n,success
963,SYKOputs79,success
964,SYN ASIAN,success
965,SYN Foxtrot,success
966,SYQ DJ,success
967,SYV DAEGA,success
968,Sa1ntAvalon,success
969,SaLtyBaGz4JeZus,success
970,SaTaNsPrOpHeT66,success
971,SaTanNtheFlesh,success
972,Saaami99,success
973,SaagePancake,success
974,Saber ML,success
975,SaberBlazer,success
976,SableElephant38,success
977,SableThedon09,success
978,SabreDefence,success
979,Sabriina3827,success
980,SacMonstre6372,success
981,Sacapuntastic,success
982,SackTap1231,success
983,SacredHerd13,success
984,Sad Alcoholic,success
985,Sad Boy Cheeks,success
986,Sad Lullaby,success
987,SadFaze candy,success
988,SadGoober,success
989,SadLess242,success
990,SadMemeGod321,success
991,SadMmmmmmmmmm19,success
992,Sadiesue7,success
993,SadkerrNation,success
994,SadukarDo,success
995,Saettant20,success
996,Saeyslyn,success
997,SafeDesert60545,success
998,SafeHalo7252286,success
999,SafePower146366,success
1000,SaffronDoor9746,success
1001,SaffronGem28418,success
1002,SaffronMedal503,success
1003,Saga Reaper,success
1004,Sagaak,success
1005,Sage Geros,success
1006,SageDustNeto,success
1007,SageFire9045776,success
1008,SageHercules469,success
1009,SageMountain696,success
1010,SagePlum4141615,success
1011,SageTheGoose,success
1012,Sagebaass1234,success
1013,Sagewood706,success
1014,SaggyBaggin,success
1015,SaggyHulk,success
1016,Sagi77,success
1017,Sago2005,success
1018,Sagt Palma1234,success
1019,Saifaldeenalmeh,success
1020,SaigaShooter762,success
1021,SailedMilk8915,success
1022,SailedPiano7933,success
1023,SailedTiger7987,success
1024,SailorCory88,success
1025,SailorLee,success
1026,Saimon1803,success
1027,SainHunterOG,success
1028,Saint Cessar,success
1029,Saint Owain,success
1030,Saint Specs,success
1031,Saint1RIP,success
1032,SaintJohnnySins,success
1033,SaintJona711,success
1034,SaintMichael24,success
1035,SaintOwl27,success
1036,Saintherobrine,success
1037,Saintvisible2,success
1038,Saitama Alves,success
1039,Sajad Boss,success
1040,Sajad Mohammed1,success
1041,SakaLaPipaWeyy,success
1042,Sakoshira,success
1043,Sakray Kyro,success
1044,Sal1y HD,success
1045,SalElite,success
1046,SalNaMEla,success
1047,Salacious R,success
1048,Saladnightmare1,success
1049,Salami52,success
1050,SalazarAdama,success
1051,Salemarab,success
1052,Sales1210,success
1053,SalineClamp4158,success
1054,Salloreon,success
1055,Sallttyyy,success
1056,Sally47,success
1057,Sallyboy9412,success
1058,SalmonCarp49389,success
1059,SalmonCookie880,success
1060,SalmonMitten365,success
1061,Salodon,success
1062,SalsaWis,success
1063,Salsaa x Sama,success
1064,SaltChief,success
1065,SaltLakee801,success
1066,Salted Gingers,success
1067,SaltedGorilla,success
1068,SaltedSalmonNIC,success
1069,Saltineee34,success
1070,Saltinyopants,success
1071,SaltiumChloride,success
1072,Salty Neckbeard,success
1073,Salty Zags,success
1074,Salty1Tap,success
1075,SaltyBunny59725,success
1076,SaltyBunny76051,success
1077,SaltyCalf911467,success
1078,SaltyChicken321,success
1079,SaltyDogGamer,success
1080,SaltyFoal29272,success
1081,SaltyFoal406819,success
1082,SaltyFoal477698,success
1083,SaltyFoal782711,success
1084,SaltyFoal9355,success
1085,SaltyFoal980705,success
1086,SaltyJoey865149,success
1087,SaltyJupiter925,success
1088,SaltyKITKATm8,success
1089,SaltyLevelon900,success
1090,SaltyNugget99,success
1091,SaltyPup4405410,success
1092,SaltySamSquanch,success
1093,SaltyShooter96,success
1094,SaltySunBro1292,success
1095,Saltymeemz,success
1096,Saltymuch777,success
1097,Saltypices,success
1098,SaluTheMediocre,success
1099,Salud 1980,success
1100,Saluto Nex Alea,success
1101,Salvatore190516,success
1102,Sam Fischer x,success
1103,Sam the BOLD,success
1104,SamMan2872,success
1105,SamMck15,success
1106,SamaRa Mii,success
1107,Sambergalaxy,success
1108,Sambosis187,success
1109,Sambuchino97,success
1110,SameRhino565,success
1111,SameerNdMuhamad,success
1112,Samfam12,success
1113,Samfisher19722,success
1114,SamiSausage,success
1115,SamirOTheDesert,success
1116,Sammy6Gunz,success
1117,SamoaBoy310,success
1118,Samoan Deez,success
1119,SamoanGods,success
1120,SamoanHammerrr,success
1121,SamoanRECON53,success
1122,SampleBondboy,success
1123,Samtrixx,success
1124,SamuDakiBu,success
1125,SamuelBR1805,success
1126,SamuelGames2552,success
1127,Samurai Jack180,success
1128,Samurai fades,success
1129,SamuraiViking44,success
1130,SamuraiXXI,success
1131,Samwisegale,success
1132,Samxsonite,success
1133,Samydas27,success
1134,SanDipSet,success
1135,SanWishDpoio,success
1136,Sancheeezyy,success
1137,Sanchez,success
1138,SanchezA16,success
1139,Sand Supra,success
1140,SandRoom7490846,success
1141,SandShark119,success
1142,SandSniper2064,success
1143,SandaledGolf82,success
1144,SandboxTurtle97,success
1145,Sandell93,success
1146,SandiestOdin232,success
1147,Sandman Ranger7,success
1148,Sandman ke8lew,success
1149,SandmanAG,success
1150,SandmanTGYT,success
1151,Sandroidk2,success
1152,Sanduiche69,success
1153,SandyDickson,success
1154,Sane LiT,success
1155,SaneSuperset718,success
1156,Sanesixsixsix,success
1157,SanevichBah22,success
1158,Sanitys Devil,success
1159,Saniyah Kelly,success
1160,Sanjiao3,success
1161,Santiag0 GM,success
1162,SantiagoNeiraW,success
1163,Santiaguillo007,success
1164,Santoshenrique4,success
1165,Saperlipopetteo,success
1166,SaphirePenguin1,success
1167,SaphireSix,success
1168,Saphrox,success
1169,Sapman12,success
1170,SaporousMoss620,success
1171,Sapper508,success
1172,SapphireBear24,success
1173,Sarasine1909,success
1174,SarcasticAss73,success
1175,SarcasticCop,success
1176,Sarch2121,success
1177,Sargent TCB,success
1178,SargentAfro420,success
1179,SargentAmerica1,success
1180,SargentBigEyes,success
1181,SargentWeeb,success
1182,SargentoBala,success
1183,Sarinha17alton,success
1184,SarkyBoo,success
1185,SarlaacTeeth,success
1186,Sarogoth,success
1187,Sarossy,success
1188,Sarpya,success
1189,SarwarSami93,success
1190,Sascamp2,success
1191,Sashalynn420,success
1192,Sasorazzip,success
1193,Sasquach893,success
1194,SasquatchSTX,success
1195,Sasquati,success
1196,Sassiepants925,success
1197,SassiestDuck969,success
1198,SassiestSpoon,success
1199,Sassy Stan,success
1200,SassyFlyGirl,success
1201,SassyQuatchh,success
1202,SassytheBigfoot,success
1203,SatanicGrizzly6,success
1204,SatansCoPilot,success
1205,SatansHandss,success
1206,SatansLilSniper,success
1207,Satchely,success
1208,SatinGunnyman,success
1209,SatiricMouse863,success
1210,Sativa Tortilla,success
1211,SaturnStaub,success
1212,SatyrMarkus,success
1213,SatyricalMammal,success
1214,SauceUp Kd0t,success
1215,Sauced Mouse,success
1216,SaucedMayweddaa,success
1217,SaucierRaptor68,success
1218,Saucy16,success
1219,Saucysock,success
1220,Saucyy God,success
1221,SaullePowa,success
1222,SaurianHarbor48,success
1223,SaurianPepper38,success
1224,Sauron5019,success
1225,Sausage6699,success
1226,Sausage69roll,success
1227,SausageKiller78,success
1228,SausageRollnTea,success
1229,SausageSpillage,success
1230,SauzeKid,success
1231,SavYac,success
1232,Savage Banshii,success
1233,Savage YT 24,success
1234,SavageD1ngo,success
1235,SavageIiIAddict,success
1236,SavagePanda2494,success
1237,SavagePotato752,success
1238,SavagePython24,success
1239,SavageSheep415,success
1240,SavageShoota300,success
1241,SavageSnips8552,success
1242,SavageThunder29,success
1243,SavageXvoid,success
1244,Savagelife5046,success
1245,Savageplayer232,success
1246,Savagery516,success
1247,Savagethudy666,success
1248,SavedG MAN67,success
1249,SavedSuperset40,success
1250,SavioTeston1,success
1251,SaviorActual,success
1252,SavvyAster327,success
1253,SavvyManx369040,success
1254,Savvysavage347,success
1255,Sawsey p esco,success
1256,Sax0n76,success
1257,Saxcn,success
1258,SaxyEuph101,success
1259,SayNOempire,success
1260,Sayah2x,success
1261,Saysayb93,success
1262,SbGYT,success
1263,SbS0905,success
1264,Sbkkbt,success
1265,Sbudihools,success
1266,Sc00baruSTi,success
1267,ScHannon32,success
1268,ScHwArZiiiiiiii,success
1269,ScR4g9Y76,success
1270,ScRipLeXVC,success
1271,ScalyGarlic3836,success
1272,ScalyMoth140624,success
1273,ScalyTurtle17,success
1274,ScantCobra36394,success
1275,ScarFace39,success
1276,ScarPrince90,success
1277,ScarciniSeco16,success
1278,Scarealpa777,success
1279,Scarecrow4785,success
1280,ScaredSumo43713,success
1281,ScaredUSAF96,success
1282,Scarface1946,success
1283,ScariestJam4324,success
1284,ScarletNyte,success
1285,ScarletPhantom8,success
1286,ScarletRiverOfG,success
1287,ScarlettSummers,success
1288,ScaryAchiever78,success
1289,ScaryBunny68111,success
1290,ScaryCalf338971,success
1291,ScaryFawn159198,success
1292,ScaryFoal76980,success
1293,ScaryPup3463886,success
1294,ScaryPup9831472,success
1295,ScarySuperkut,success
1296,ScaryTerry1488,success
1297,Scaryguy300,success
1298,Scatter604,success
1299,Sceledrus,success
1300,ScenicOhio28,success
1301,Sceprent Vii,success
1302,ScepticalSeven6,success
1303,Sch0koLatte,success
1304,SchammelToe,success
1305,SchassisofDOOM,success
1306,Schaub,success
1307,Schettos,success
1308,SchicksalHundin,success
1309,SchildAkrobat36,success
1310,SchildGalaxie26,success
1311,Schilks,success
1312,SchindlersLisp4,success
1313,Schirto,success
1314,SchitzoSmrf0990,success
1315,Schleifwagen,success
1316,Schlessmonkey,success
1317,SchlupferHupfer,success
1318,Schmajser,success
1319,Schmalzkrapfen,success
1320,SchmidteY,success
1321,Schmidty0000,success
1322,Schnappkan,success
1323,Schnitzelgurke,success
1324,Schnoe187,success
1325,Schofield56,success
1326,Schonkatruck,success
1327,SchoolBoySteve1,success
1328,SchroBro97,success
1329,SchruteFarmsCEO,success
1330,SchruteMFdwight,success
1331,SchultzGaming22,success
1332,SchurPug,success
1333,SchweddyHuevoz,success
1334,Schweinsfee,success
1335,Schwendelton,success
1336,SchwertFan47,success
1337,SchwertMonzta,success
1338,Schwifty Rook,success
1339,Scichael Mott,success
1340,Scion Gang,success
1341,ScionAthlete104,success
1342,ScionTable13450,success
1343,ScoHDeath1205,success
1344,ScoPe Energy,success
1345,ScobertDobert28,success
1346,ScooterB001,success
1347,Scooterwars,success
1348,ScopeLOC,success
1349,ScopeV42,success
1350,Scopey27mcgee,success
1351,ScorchedOneplay,success
1352,Scorpio8387,success
1353,Scorpion420FTW,success
1354,ScorpionLion870,success
1355,ScorpionThe2832,success
1356,ScotiaPrime88,success
1357,Scott140k,success
1358,Scott1512,success
1359,Scott3602009,success
1360,ScottMcTx,success
1361,Scottavich,success
1362,Scottiewhit4948,success
1363,Scotts4274,success
1364,Scottv5150,success
1365,ScottyG 98,success
1366,ScottySippin835,success
1367,Scottyp625,success
1368,ScourgeSolace,success
1369,ScouseRambo247,success
1370,Scout 423,success
1371,ScoutSniper907,success
1372,ScoutsOut1985,success
1373,Scr4tchMyPoloch,success
1374,Scrabble1988,success
1375,ScraggyToes,success
1376,ScrappyWarPig,success
1377,Scratch446,success
1378,ScratchyEagle,success
1379,Scrawns401,success
1380,Scream1080,success
1381,ScreaminEagle86,success
1382,ScreenShooot,success
1383,ScrewyEblan,success
1384,ScrewyWharf6745,success
1385,ScrimpyChunk778,success
1386,ScrimpyThrone86,success
1387,ScrogMaster,success
1388,Scrower899,success
1389,ScrubMcGruff16,success
1390,Scrubalino,success
1391,Scrubss MD,success
1392,ScubaSqaud1980,success
1393,Scubar22,success
1394,ScubbaSteven52,success
1395,Scudley,success
1396,Scuf slurp,success
1397,Scuffy MckGee,success
1398,ScuzBunny,success
1399,Scvipers1,success
1400,Scxrpion DE,success
1401,ScykoMyst,success
1402,SdL RDukke10,success
1403,SdLucasBarbosa,success
1404,Sdavo1103,success
1405,SeBaStiN905,success
1406,SeHuHuber,success
1407,SeK Quickfeet,success
1408,SeNtEnCD2SaNiTy,success
1409,SeUZe00,success
1410,SeXy Tenks,success
1411,SeXyBaCoNFlIp,success
1412,Sea Biscuit 845,success
1413,SeaDat,success
1414,SeaDrake6333295,success
1415,SeaElk6,success
1416,SeaLobster35206,success
1417,SeaMender929186,success
1418,SeaOtta157,success
1419,SeaSerpent710,success
1420,SeaTown81,success
1421,SeaWingHWD,success
1422,SeaWizard523511,success
1423,SeaX wooden X,success
1424,Seager L7,success
1425,Seakritsqurl,success
1426,Seal 623,success
1427,Seal723403,success
1428,SealableFish490,success
1429,SealableSix94,success
1430,SealedChalice12,success
1431,SealedParrot908,success
1432,SealingTomato50,success
1433,Seals I Eskai,success
1434,Seamus57961,success
1435,Seamuscolin398,success
1436,Sean Geraghty,success
1437,SeanBrennan28,success
1438,SeanH97,success
1439,SeanMcRory,success
1440,SeanMur1,success
1441,SeanS0L0123,success
1442,Seandue,success
1443,Seantastic2004,success
1444,SearPhoenix5513,success
1445,Seawuurd,success
1446,Sebanoe01,success
1447,Sebasedgod,success
1448,Sebreezy97,success
1449,Secluded 0,success
1450,SecondBrick7622,success
1451,Secret Network,success
1452,Secret Smellies,success
1453,Secret76596,success
1454,Secret7Agent,success
1455,SecretAgent060,success
1456,Secretagent357,success
1457,SecureBumblebee,success
1458,SedativeLeech01,success
1459,SedesSapientiae,success
1460,SeductiveSnail0,success
1461,SeeMoreButts1o2,success
1462,SeeWaldoRun48,success
1463,Seebaree,success
1464,Seeds,success
1465,SeedsOfDought,success
1466,SeekNDestroy244,success
1467,SeekNDstroy2303,success
1468,Seesternsoldat,success
1469,Seewq,success
1470,Segal21,success
1471,Segaretro89,success
1472,Segieghost943,success
1473,SeifZed,success
1474,Seifador3101,success
1475,SeilBoss7281751,success
1476,SeismicSubset30,success
1477,Sejong II,success
1478,Sekklbp1,success
1479,SelectTheJackal,success
1480,SelectivePeak,success
1481,Seleqtiv,success
1482,SelfishMadara,success
1483,SellThaGoat,success
1484,SemMouse23,success
1485,Sembonsakura99,success
1486,SemenBrother420,success
1487,Semper Pr1mus,success
1488,SemperKugs3536,success
1489,SenditHardt,success
1490,Senhletzt,success
1491,SenhorDestino90,success
1492,Senior Cervesa,success
1493,Senior bob2577,success
1494,SeniorEgg491580,success
1495,SeniorHinderfap,success
1496,Senize,success
1497,Senor Blanco44,success
1498,Senor Picklez,success
1499,SenorDirty420,success
1500,Senordeadfish,success
1501,Senpachii,success
1502,Senpai BigBol11,success
1503,Senpai Lover,success
1504,Senpaye,success
1505,SenseOfDoom,success
1506,SenseiNgo,success
1507,SenseiPurrp,success
1508,SenseiiSoySauce,success
1509,SensibleGull28,success
1510,Senta Berger,success
1511,Seosamh16,success
1512,Sepcena206,success
1513,SepiaPanther78,success
1514,SepiaSnow880926,success
1515,SerCuckinghamIV,success
1516,SerafinWielki,success
1517,Seraph HD,success
1518,Serauss,success
1519,SereneBubbles79,success
1520,SereneDiagram5,success
1521,SergeRML,success
1522,Sergeant Ginge,success
1523,Sergeant Oreo,success
1524,SergeantTiara59,success
1525,Sergeantcroe83,success
1526,Sergei 972,success
1527,Sergio Ramos710,success
1528,SerialTypist,success
1529,Servante Du Feu,success
1530,Servin 45,success
1531,SeshWaterHollow,success
1532,Seste,success
1533,SeteRidiculos,success
1534,Seth89loco,success
1535,SethMehr90,success
1536,SethOscuro22,success
1537,SethStuff891,success
1538,SethTastic2001,success
1539,Sethalophalis,success
1540,Sethetron23,success
1541,SethyStyle,success
1542,Seto Kaiba BEWD,success
1543,Setsuna xSeiei,success
1544,SettledMonkey21,success
1545,SettledTuba2526,success
1546,SettlingDrop644,success
1547,SettlingMoth263,success
1548,Sevarak,success
1549,Seven Doe,success
1550,SevenBike484143,success
1551,SevenCamera2333,success
1552,SevenElEvan069,success
1553,SevenHail45344,success
1554,SevenRex7334773,success
1555,SevenTapestry90,success
1556,SeventhMarmot34,success
1557,SeventhPoem2751,success
1558,Seventy tuu,success
1559,SeventyTea860,success
1560,SeventyTimesSix,success
1561,SeveralGull2520,success
1562,SeveralMango261,success
1563,SevercedAlpha,success
1564,SeveredDragon42,success
1565,SeveringTiger14,success
1566,Sevn90,success
1567,Sexy Hairy Kid,success
1568,SexyBilyeuBallz,success
1569,SexyCake MTC,success
1570,SexyGirl787,success
1571,SexySalmon72,success
1572,Sexygoat57,success
1573,Sg313,success
1574,SgV 36k10MOS,success
1575,Sgnt0AntraX CSM,success
1576,Sgt Axxman,success
1577,Sgt Bangs,success
1578,Sgt DingDong34,success
1579,Sgt Dog Biscuit,success
1580,Sgt Dueck,success
1581,Sgt Fergus,success
1582,Sgt Fruithead,success
1583,Sgt Fumoffu,success
1584,Sgt GOM3Z,success
1585,Sgt J Wasabi,success
1586,Sgt Jimbo729,success
1587,Sgt MoMo20,success
1588,Sgt Rubik,success
1589,Sgt Sanosuke,success
1590,Sgt Sheridan14,success
1591,Sgt Shooter 88,success
1592,Sgt SoloDomo,success
1593,Sgt Tacker,success
1594,Sgt Tomalewicz,success
1595,Sgt Waldo 204,success
1596,Sgt Yener,success
1597,Sgt craker17,success
1598,Sgt w4rpig,success
1599,Sgt waffles2003,success
1600,SgtBacon3123,success
1601,SgtCrackerJack,success
1602,SgtGodPot,success
1603,SgtJaz03,success
1604,SgtLewwisss,success
1605,SgtLizardKiller,success
1606,SgtMcFallen25,success
1607,SgtMercKiller,success
1608,SgtMiller1963,success
1609,SgtOb3s3,success
1610,SgtScarecrow15,success
1611,SgtSlapAMitch,success
1612,SgtSlaughter410,success
1613,SgtTesco69,success
1614,Sh0ckFyre,success
1615,Sh0wMeOnTh3doll,success
1616,Sh4dowLF,success
1617,ShAdOwStRiDeR,success
1618,ShD biELZERAA,success
1619,ShaDow braedon,success
1620,Shaanexx,success
1621,Shabba6x,success
1622,ShabbyOregano85,success
1623,ShabbyPlains074,success
1624,Shad0wAnge1,success
1625,Shad0wDiabl0,success
1626,Shad0wzXxXSnip3,success
1627,ShadeRanger,success
1628,ShadiestFish333,success
1629,ShadoWollf98,success
1630,Shadow Bear1018,success
1631,Shadow HourGB,success
1632,Shadow Ninja803,success
1633,Shadow Tokukita,success
1634,Shadow Tw,success
1635,Shadow Watcher0,success
1636,Shadow ace12,success
1637,Shadow an Flame,success
1638,Shadow butter12,success
1639,Shadow00909XB,success
1640,Shadow0330,success
1641,Shadow121693,success
1642,Shadow2482,success
1643,Shadow7B,success
1644,Shadow976221,success
1645,ShadowBlack26,success
1646,ShadowConda07,success
1647,ShadowCr33per11,success
1648,ShadowDimmySTR,success
1649,ShadowEzz745,success
1650,ShadowFiber4861,success
1651,ShadowFoxy01,success
1652,ShadowKinger,success
1653,ShadowLRL TTV,success
1654,ShadowLion357,success
1655,ShadowMRBIGH,success
1656,ShadowMosesWTF,success
1657,ShadowNight1236,success
1658,ShadowOsprey69,success
1659,ShadowQuality99,success
1660,ShadowRacer007,success
1661,ShadowRaven1052,success
1662,ShadowReaper473,success
1663,ShadowSnip3r069,success
1664,ShadowSniper033,success
1665,ShadowSun1,success
1666,ShadowWarrior5g,success
1667,ShadowWarriorJB,success
1668,ShadowWolf484,success
1669,ShadowWolf504,success
1670,ShadowZlatan,success
1671,Shadowbeast4503,success
1672,Shadowbeast453,success
1673,Shadowcamp1995,success
1674,Shadowisgud,success
1675,Shadownight508,success
1676,Shadowpro21,success
1677,Shadowreaper295,success
1678,Shadows369,success
1679,Shadowsfake31,success
1680,Shadowsparks101,success
1681,Shadowstab10,success
1682,Shadoww Skull,success
1683,Shadowwwwarrior,success
1684,ShadyAmishBear,success
1685,ShadyJDP1976,success
1686,ShadyMuffin21,success
1687,ShadyQuotient95,success
1688,Shadyman,success
1689,Shadyy nz,success
1690,Shadyzz,success
1691,Shaffy G,success
1692,Shaggy0181,success
1693,Shaggy32003,success
1694,ShaggySpider676,success
1695,Shagrath2015,success
1696,ShaiDeath89,success
1697,Shaii Hulud1991,success
1698,ShaitanC13,success
1699,ShakSplash00123,success
1700,ShakableGlint99,success
1701,ShakableTrack,success
1702,ShakableTrout38,success
1703,ShakerCougar797,success
1704,ShakerSplash902,success
1705,ShakingBinkie94,success
1706,ShakurBR77,success
1707,ShakyGalaxy57,success
1708,ShallowEgg35771,success
1709,ShallowGalaxy35,success
1710,ShallowTerror96,success
1711,ShamarBallin202,success
1712,Shamoo52,success
1713,ShamooX2,success
1714,Shamrock1245,success
1715,Shane75ver,success
1716,ShaneCarl617,success
1717,ShaneDorney69,success
1718,ShaneMcMuffin31,success
1719,ShankTheDank89,success
1720,Shanko94,success
1721,Shanks Armitage,success
1722,Shannon thememe,success
1723,Shapple25,success
1724,ShaqDadyGlasses,success
1725,SharinganPower7,success
1726,Shark Dies On B,success
1727,Shark Kid10,success
1728,Shark The Faded,success
1729,SharkAttack0307,success
1730,SharkAttack1239,success
1731,SharkAttack1s,success
1732,SharkInASuit008,success
1733,SharkWeek0ohaha,success
1734,Sharkabait98,success
1735,Sharkbio0056,success
1736,Sharkboi123376,success
1737,SharknadoMaster,success
1738,Sharksaucec4,success
1739,Sharktube22,success
1740,SharpEdgeChef,success
1741,SharpRaptor9462,success
1742,SharperLawyer37,success
1743,Sharpquad boy,success
1744,Sharxbyte,success
1745,Shastaa,success
1746,ShavedDucc,success
1747,ShawnIcedOut,success
1748,Shawnsavage216,success
1749,Shawoo48,success
1750,Shawty Lo D4L,success
1751,Shawze96,success
1752,Shazaammn,success
1753,Shazapp,success
1754,Shdw Void,success
1755,She4mus,success
1756,SheSoW00H00,success
1757,SheaBoiToi69,success
1758,SheaButtersIII,success
1759,Shebabi,success
1760,Shecancareless2,success
1761,Sheep Boii,success
1762,Sheep2113,success
1763,SheepishHydra41,success
1764,SheepishSoup1,success
1765,SheerPage56524,success
1766,SheetMetalThug,success
1767,SheetWizard8694,success
1768,ShehryarAhmed69,success
1769,Sheidu21,success
1770,Sheittan31,success
1771,Shelby Co Inc,success
1772,ShellingPine100,success
1773,Shepp D0GG,success
1774,ShepsTheSuper5,success
1775,SheriffxChancy,success
1776,Shermanator1228,success
1777,Sherweezy408,success
1778,Shess Naughty,success
1779,Shesstokedd,success
1780,Shgnasty69,success
1781,Shi Uhr,success
1782,ShiNeOwArS,success
1783,ShibitoProject9,success
1784,ShieldOfMagnus,success
1785,ShierBuffalo268,success
1786,Shift Messiah,success
1787,Shiftadelic,success
1788,ShiftyBon,success
1789,ShiftyRobin1362,success
1790,ShiftyRocket498,success
1791,ShiftyxKapone,success
1792,Shigure Bling,success
1793,Shinde koei,success
1794,Shinen no Dan,success
1795,ShiningAxis7,success
1796,ShiningSet13728,success
1797,ShinobiGenius,success
1798,Shintoshu,success
1799,ShinyRumble98,success
1800,Ship Cant,success
1801,Shipadge,success
1802,Shirotaiyo,success
1803,ShirtyBox68089,success
1804,Shisha King420,success
1805,Shispanskin,success
1806,Shivertone,success
1807,Shizznit36,success
1808,Shl1pperyN1pple,success
1809,Shmogie,success
1810,Shnaider85,success
1811,Shnayd,success
1812,Shnogg,success
1813,ShnordBlungus,success
1814,Shnouticus,success
1815,ShoHustle,success
1816,ShoTz v2,success
1817,ShoWTeeK Yzz,success
1818,Shobiethree333,success
1819,ShockerDelta060,success
1820,ShockingInk5327,success
1821,ShodTitan47,success
1822,ShodZebra944,success
1823,ShoddyTurtle514,success
1824,ShoddyWharf440,success
1825,Shody BlankZ,success
1826,Shog2003,success
1827,Shogun 3,success
1828,Shoiee,success
1829,Shoooterlok21,success
1830,ShootersShootk,success
1831,Shootrmgavin,success
1832,Shooty,success
1833,ShortBuss503,success
1834,ShortDude19,success
1835,ShortShyt420,success
1836,ShortWarrior696,success
1837,Shortbuffalo22,success
1838,Shortsbrothers,success
1839,ShortyMacG,success
1840,Shortys321,success
1841,ShosondaElegant,success
1842,ShotGiirl,success
1843,ShotHottieXXX,success
1844,ShotRicardao69,success
1845,ShotShibby88,success
1846,Shotgun Abbey,success
1847,Shotgunner249,success
1848,Shotta J132,success
1849,Shottaman1,success
1850,Shouki8,success
1851,Shouldibziggy,success
1852,Shoutmon x6,success
1853,Show x Reubilt,success
1854,ShowbizBobcat20,success
1855,ShoweryMitten48,success
1856,Showgirls69,success
1857,ShowierAlpaca54,success
1858,ShowierBasher33,success
1859,ShowyOrpheus800,success
1860,Showzenmaster,success
1861,Shpangle,success
1862,Shploggle,success
1863,Shqdy Mutt,success
1864,Shreader Head05,success
1865,Shreki04,success
1866,Shrekpoop9999,success
1867,Shreks my Dad 1,success
1868,ShrewdCracker89,success
1869,ShrewdTrash9934,success
1870,ShrewdWinner21,success
1871,ShrillBiscuit96,success
1872,Shrimp420x69,success
1873,Shroom Naked,success
1874,ShroomzBtrippen,success
1875,Shroud 0f Xbox,success
1876,Shrove,success
1877,Shtankins,success
1878,ShtevieD93,success
1879,Shtiglitz,success
1880,Shumaker Family,success
1881,ShunkWuga,success
1882,ShunnedZebra517,success
1883,ShurShot973,success
1884,ShutMosquito859,success
1885,Shux13,success
1886,Shw00shBear,success
1887,Shxnzu,success
1888,ShyAmishMedic,success
1889,ShyColdChris,success
1890,ShyDwarf,success
1891,ShyEndGame,success
1892,ShyLLKoolAid,success
1893,ShyManager48588,success
1894,ShyProudSloth,success
1895,ShySHYSHYBABY,success
1896,ShyWinshester,success
1897,ShyZebra,success
1898,Shybot98,success
1899,Shyne229,success
1900,ShyxXSnipesXx,success
1901,Si1entRising,success
1902,Si1verado,success
1903,SiCkWoTkiLlA,success
1904,SiDeKillla,success
1905,SiF X Prism,success
1906,SiHendo,success
1907,SiKk Slayer,success
1908,SiL3Ntkill22,success
1909,SiLENT x DiMiSE,success
1910,SiLEntXhuntER07,success
1911,SiLabs1083,success
1912,SiLeNt FuSiOn02,success
1913,SiR iLAGZ 56k,success
1914,SiX NoHope,success
1915,SiZu Rage,success
1916,SiameseNinja888,success
1917,Sicaario42,success
1918,Sicilian Ghost0,success
1919,Sick Despair,success
1920,SickFlower2,success
1921,SickLicense9478,success
1922,SickMike07,success
1923,SickSanity89,success
1924,SickTortoise726,success
1925,SickVariable838,success
1926,SickarioPK,success
1927,Sickbanana2888,success
1928,Sicknds,success
1929,Sickrooster2016,success
1930,Sicshot222,success
1931,Sid3dAx3,success
1932,SidTHUNDER,success
1933,SidWolf03,success
1934,SidanlowMx,success
1935,SideArms4Kevin,success
1936,SideESSKETIT,success
1937,SideHorizon9145,success
1938,SideSkydiver602,success
1939,Sideewayzz,success
1940,Sidegisleine,success
1941,SiderealPeak,success
1942,SidewardCart867,success
1943,SidewardWharf38,success
1944,SidewayzStoner,success
1945,Sido123ization,success
1946,SieGe JCP,success
1947,Siege is life45,success
1948,SiegeMaster5458,success
1949,Sierra Nvda,success
1950,Sierra057Chris,success
1951,Sierra11749,success
